﻿<?xml version="1.0" encoding="UTF-8" standalone="no"?>

<palette>
	
	<block tag="create-console" spec="create console" code="com.nmefermmmtools.debug.Console.create();" type="action" color="gray" returns="void"/>
	
	<block tag="set-data-field" spec="set data field ( name: %0 value: %1 )" code="com.nmefermmmtools.debug.Console.setLiveDataField(~, ~);" type="action" color="gray" returns="void">
		<fields>
			<text order="0"></text>
			<anything order="1"></anything>
		</fields>
	</block>
	
	<block tag="measure-time" spec="measure time ( name: %0 )" code="com.nmefermmmtools.debug.Console.measureTime(~);" type="action" color="gray" returns="void">
		<fields>
			<text order="0"></text>
		</fields>
	</block>
	
	<block tag="add-command" spec="add command ( name: %0 function: %1 )" code="com.nmefermmmtools.debug.Console.addCommand(~, ~);" type="action" color="gray" returns="void">
		<fields>
			<text order="0"></text>
			<anything order="1"></anything>
		</fields>
	</block>
	
</palette>
